电影名,评分,演员,链接,图片
肖申克的救赎,9.7,蒂姆·罗宾斯摩根·弗里曼鲍勃·冈顿,https://movie.douban.com/subject/1292052/,https://img3.doubanio.com/view/photo/s_ratio_poster/public/p480747492.jpg
霸王别姬,9.6,张国荣张丰毅巩俐,https://movie.douban.com/subject/1291546/,https://img3.doubanio.com/view/photo/s_ratio_poster/public/p2561716440.jpg
阿甘正传,9.5,汤姆·汉克斯罗宾·怀特加里·西尼斯,https://movie.douban.com/subject/1292720/,https://img9.doubanio.com/view/photo/s_ratio_poster/public/p1484728154.jpg
这个杀手不太冷,9.4,让·雷诺娜塔莉·波特曼加里·奥德曼,https://movie.douban.com/subject/1295644/,https://img3.doubanio.com/view/photo/s_ratio_poster/public/p511118051.jpg
美丽人生,9.5,罗伯托·贝尼尼尼可莱塔·布拉斯基乔治·坎塔里尼,https://movie.douban.com/subject/1292063/,https://img3.doubanio.com/view/photo/s_ratio_poster/public/p2578474613.jpg
泰坦尼克号,9.4,莱昂纳多·迪卡普里奥凯特·温丝莱特比利·赞恩,https://movie.douban.com/subject/1292722/,https://img9.doubanio.com/view/photo/s_ratio_poster/public/p457760035.jpg
千与千寻,9.3,柊瑠美入野自由夏木真理,https://movie.douban.com/subject/1291561/,https://img1.doubanio.com/view/photo/s_ratio_poster/public/p2557573348.jpg
辛德勒的名单,9.5,连姆·尼森本·金斯利拉尔夫·费因斯,https://movie.douban.com/subject/1295124/,https://img3.doubanio.com/view/photo/s_ratio_poster/public/p492406163.jpg
盗梦空间,9.3,莱昂纳多·迪卡普里奥约瑟夫·高登-莱维特艾伦·佩吉,https://movie.douban.com/subject/3541415/,https://img9.doubanio.com/view/photo/s_ratio_poster/public/p513344864.jpg
忠犬八公的故事,9.4,理查·基尔萨拉·罗默尔琼·艾伦,https://movie.douban.com/subject/3011091/,https://img9.doubanio.com/view/photo/s_ratio_poster/public/p524964016.jpg
海上钢琴师,9.3,蒂姆·罗斯普路特·泰勒·文斯比尔·努恩,https://movie.douban.com/subject/1292001/,https://img9.doubanio.com/view/photo/s_ratio_poster/public/p2574551676.jpg
机器人总动员,9.3,本·贝尔特艾丽莎·奈特杰夫·格尔林,https://movie.douban.com/subject/2131459/,https://img3.doubanio.com/view/photo/s_ratio_poster/public/p1461851991.jpg
三傻大闹宝莱坞,9.2,阿米尔·汗卡琳娜·卡普尔马达范,https://movie.douban.com/subject/3793023/,https://img3.doubanio.com/view/photo/s_ratio_poster/public/p579729551.jpg
楚门的世界,9.3,金·凯瑞劳拉·琳妮艾德·哈里斯,https://movie.douban.com/subject/1292064/,https://img3.doubanio.com/view/photo/s_ratio_poster/public/p479682972.jpg
放牛班的春天,9.3,热拉尔·朱尼奥弗朗索瓦·贝莱昂凯德·麦拉德,https://movie.douban.com/subject/1291549/,https://img3.doubanio.com/view/photo/s_ratio_poster/public/p1910824951.jpg
星际穿越,9.3,马修·麦康纳安妮·海瑟薇杰西卡·查斯坦,https://movie.douban.com/subject/1889243/,https://img3.doubanio.com/view/photo/s_ratio_poster/public/p2206088801.jpg
大话西游之大圣娶亲,9.2,周星驰吴孟达朱茵,https://movie.douban.com/subject/1292213/,https://img9.doubanio.com/view/photo/s_ratio_poster/public/p2455050536.jpg
熔炉,9.3,孔侑郑有美金贤秀,https://movie.douban.com/subject/5912992/,https://img9.doubanio.com/view/photo/s_ratio_poster/public/p1363250216.jpg
疯狂动物城,9.2,金妮弗·古德温杰森·贝特曼伊德里斯·艾尔巴,https://movie.douban.com/subject/25662329/,https://img1.doubanio.com/view/photo/s_ratio_poster/public/p2315672647.jpg
无间道,9.2,刘德华梁朝伟黄秋生,https://movie.douban.com/subject/1307914/,https://img3.doubanio.com/view/photo/s_ratio_poster/public/p2564556863.jpg
蝙蝠侠：黑暗骑士,9.2,克里斯蒂安·贝尔希斯·莱杰艾伦·艾克哈特,https://movie.douban.com/subject/1851857/,https://img3.doubanio.com/view/photo/s_ratio_poster/public/p462657443.jpg
控方证人,9.6,泰隆·鲍华玛琳·黛德丽查尔斯·劳顿,https://movie.douban.com/subject/1296141/,https://img1.doubanio.com/view/photo/s_ratio_poster/public/p1505392928.jpg
活着,9.2,葛优巩俐姜武,https://movie.douban.com/subject/1292365/,https://img3.doubanio.com/view/photo/s_ratio_poster/public/p2513253791.jpg
乱世佳人,9.3,费雯·丽克拉克·盖博奥利维娅·德哈维兰,https://movie.douban.com/subject/1300267/,https://img3.doubanio.com/view/photo/s_ratio_poster/public/p1963126880.jpg
末代皇帝,9.2,尊龙陈冲邬君梅,https://movie.douban.com/subject/1293172/,https://img3.doubanio.com/view/photo/s_ratio_poster/public/p452089833.jpg
寻梦环游记,9.1,安东尼·冈萨雷斯盖尔·加西亚·贝纳尔本杰明·布拉特,https://movie.douban.com/subject/20495023/,https://img1.doubanio.com/view/photo/s_ratio_poster/public/p2503997609.jpg
摔跤吧！爸爸,9.0,阿米尔·汗法缇玛·萨那·纱卡桑亚·玛荷塔,https://movie.douban.com/subject/26387939/,https://img9.doubanio.com/view/photo/s_ratio_poster/public/p2457983084.jpg
少年派的奇幻漂流,9.1,苏拉·沙玛伊尔凡·可汗拉菲·斯波,https://movie.douban.com/subject/1929463/,https://img3.doubanio.com/view/photo/s_ratio_poster/public/p1784592701.jpg
指环王3：王者无敌,9.2,维果·莫腾森伊利亚·伍德西恩·奥斯汀,https://movie.douban.com/subject/1291552/,https://img3.doubanio.com/view/photo/s_ratio_poster/public/p1910825503.jpg
飞屋环游记,9.0,爱德华·阿斯纳克里斯托弗·普卢默乔丹·长井,https://movie.douban.com/subject/2129039/,https://img9.doubanio.com/view/photo/s_ratio_poster/public/p485887754.jpg
十二怒汉,9.4,亨利·方达马丁·鲍尔萨姆约翰·菲德勒,https://movie.douban.com/subject/1293182/,https://img3.doubanio.com/view/photo/s_ratio_poster/public/p2173577632.jpg
鬼子来了,9.2,姜文香川照之袁丁,https://movie.douban.com/subject/1291858/,https://img1.doubanio.com/view/photo/s_ratio_poster/public/p2553104888.jpg
何以为家,9.1,赞恩·阿尔·拉菲亚约丹诺斯·希费罗博鲁瓦蒂夫·特雷杰·班科尔,https://movie.douban.com/subject/30170448/,https://img1.doubanio.com/view/photo/s_ratio_poster/public/p2555295759.jpg
天空之城,9.1,田中真弓横泽启子初井言荣,https://movie.douban.com/subject/1291583/,https://img1.doubanio.com/view/photo/s_ratio_poster/public/p1446261379.jpg
大话西游之月光宝盒,9.0,周星驰吴孟达罗家英,https://movie.douban.com/subject/1299398/,https://img3.doubanio.com/view/photo/s_ratio_poster/public/p2561721372.jpg
哈尔的移动城堡,9.0,倍赏千惠子木村拓哉美轮明宏,https://movie.douban.com/subject/1308807/,https://img3.doubanio.com/view/photo/s_ratio_poster/public/p2174346180.jpg
天堂电影院,9.2,安东内拉·阿蒂利恩佐·卡拉瓦勒艾萨·丹尼埃利,https://movie.douban.com/subject/1291828/,https://img1.doubanio.com/view/photo/s_ratio_poster/public/p2559577569.jpg
素媛,9.2,薛景求严志媛李来,https://movie.douban.com/subject/21937452/,https://img9.doubanio.com/view/photo/s_ratio_poster/public/p2118532944.jpg
罗马假日,9.0,奥黛丽·赫本格利高里·派克埃迪·艾伯特,https://movie.douban.com/subject/1293839/,https://img9.doubanio.com/view/photo/s_ratio_poster/public/p2189265085.jpg
闻香识女人,9.1,阿尔·帕西诺克里斯·奥唐纳詹姆斯·瑞布霍恩,https://movie.douban.com/subject/1298624/,https://img1.doubanio.com/view/photo/s_ratio_poster/public/p2550757929.jpg
窃听风暴,9.1,乌尔里希·穆埃马蒂娜·格德克塞巴斯蒂安·科赫,https://movie.douban.com/subject/1900841/,https://img1.doubanio.com/view/photo/s_ratio_poster/public/p1808872109.jpg
狮子王,9.0,乔纳森·泰勒·托马斯马修·布罗德里克杰瑞米·艾恩斯,https://movie.douban.com/subject/1301753/,https://img1.doubanio.com/view/photo/s_ratio_poster/public/p2277799019.jpg
指环王2：双塔奇兵,9.1,伊利亚·伍德西恩·奥斯汀伊恩·麦克莱恩,https://movie.douban.com/subject/1291572/,https://img9.doubanio.com/view/photo/s_ratio_poster/public/p909265336.jpg
我不是药神,9.0,徐峥王传君周一围,https://movie.douban.com/subject/26752088/,https://img9.doubanio.com/view/photo/s_ratio_poster/public/p2561305376.jpg
大闹天宫,9.3,邱岳峰富润生毕克,https://movie.douban.com/subject/1418019/,https://img1.doubanio.com/view/photo/s_ratio_poster/public/p2184505167.jpg
两杆大烟枪,9.1,杰森·弗莱明德克斯特·弗莱彻尼克·莫兰,https://movie.douban.com/subject/1293350/,https://img1.doubanio.com/view/photo/s_ratio_poster/public/p792443418.jpg
指环王1：魔戒再现,9.0,伊利亚·伍德西恩·奥斯汀伊恩·麦克莱恩,https://movie.douban.com/subject/1291571/,https://img3.doubanio.com/view/photo/s_ratio_poster/public/p1354436051.jpg
飞越疯人院,9.1,杰克·尼科尔森丹尼·德维托克里斯托弗·洛伊德,https://movie.douban.com/subject/1292224/,https://img1.doubanio.com/view/photo/s_ratio_poster/public/p792238287.jpg
美丽心灵,9.0,罗素·克劳艾德·哈里斯詹妮弗·康纳利,https://movie.douban.com/subject/1306029/,https://img3.doubanio.com/view/photo/s_ratio_poster/public/p1665997400.jpg
饮食男女,9.1,郎雄杨贵媚吴倩莲,https://movie.douban.com/subject/1291818/,https://img3.doubanio.com/view/photo/s_ratio_poster/public/p1910899751.jpg
V字仇杀队,8.9,娜塔莉·波特曼雨果·维文斯蒂芬·瑞,https://movie.douban.com/subject/1309046/,https://img3.doubanio.com/view/photo/s_ratio_poster/public/p1465235231.jpg
黑客帝国,9.0,基努·里维斯劳伦斯·菲什伯恩凯瑞-安·莫斯,https://movie.douban.com/subject/1291843/,https://img1.doubanio.com/view/photo/s_ratio_poster/public/p451926968.jpg
猫鼠游戏,9.0,莱昂纳多·迪卡普里奥汤姆·汉克斯克里斯托弗·沃肯,https://movie.douban.com/subject/1305487/,https://img3.doubanio.com/view/photo/s_ratio_poster/public/p453924541.jpg
钢琴家,9.1,艾德里安·布洛迪托马斯·克莱舒曼艾米莉娅·福克斯,https://movie.douban.com/subject/1296736/,https://img3.doubanio.com/view/photo/s_ratio_poster/public/p792376093.jpg
本杰明·巴顿奇事,8.9,凯特·布兰切特布拉德·皮特朱莉娅·奥蒙德,https://movie.douban.com/subject/1485260/,https://img3.doubanio.com/view/photo/s_ratio_poster/public/p2192535722.jpg
看不见的客人,8.8,马里奥·卡萨斯阿娜·瓦格纳何塞·科罗纳多,https://movie.douban.com/subject/26580232/,https://img9.doubanio.com/view/photo/s_ratio_poster/public/p2498971355.jpg
让子弹飞,8.8,姜文葛优周润发,https://movie.douban.com/subject/3742360/,https://img1.doubanio.com/view/photo/s_ratio_poster/public/p1512562287.jpg
海豚湾,9.3,Richard O'Barry路易·西霍尤斯Hardy Jones,https://movie.douban.com/subject/3442220/,https://img1.doubanio.com/view/photo/s_ratio_poster/public/p2559579779.jpg
西西里的美丽传说,8.9,莫妮卡·贝鲁奇朱塞佩·苏尔法罗Luciano Federico,https://movie.douban.com/subject/1292402/,https://img1.doubanio.com/view/photo/s_ratio_poster/public/p2441988159.jpg
情书,8.9,中山美穗丰川悦司酒井美纪,https://movie.douban.com/subject/1292220/,https://img1.doubanio.com/view/photo/s_ratio_poster/public/p449897379.jpg
致命魔术,8.9,休·杰克曼克里斯蒂安·贝尔迈克尔·凯恩,https://movie.douban.com/subject/1780330/,https://img9.doubanio.com/view/photo/s_ratio_poster/public/p480383375.jpg
七宗罪,8.8,摩根·弗里曼布拉德·皮特凯文·史派西,https://movie.douban.com/subject/1292223/,https://img9.doubanio.com/view/photo/s_ratio_poster/public/p457631605.jpg
低俗小说,8.8,约翰·特拉沃尔塔乌玛·瑟曼阿曼达·普拉莫,https://movie.douban.com/subject/1291832/,https://img3.doubanio.com/view/photo/s_ratio_poster/public/p1910902213.jpg
绿皮书,8.9,维果·莫腾森马赫沙拉·阿里琳达·卡德里尼,https://movie.douban.com/subject/27060077/,https://img3.doubanio.com/view/photo/s_ratio_poster/public/p2549177902.jpg
沉默的羔羊,8.8,朱迪·福斯特安东尼·霍普金斯斯科特·格伦,https://movie.douban.com/subject/1293544/,https://img1.doubanio.com/view/photo/s_ratio_poster/public/p1593414327.jpg
蝴蝶效应,8.8,阿什顿·库彻梅洛拉·沃尔特斯艾米·斯马特,https://movie.douban.com/subject/1292343/,https://img1.doubanio.com/view/photo/s_ratio_poster/public/p2209066019.jpg
被嫌弃的松子的一生,8.9,中谷美纪永山瑛太香川照之,https://movie.douban.com/subject/1787291/,https://img9.doubanio.com/view/photo/s_ratio_poster/public/p884763596.jpg
春光乍泄,8.9,张国荣梁朝伟张震,https://movie.douban.com/subject/1292679/,https://img3.doubanio.com/view/photo/s_ratio_poster/public/p465939041.jpg
禁闭岛,8.8,莱昂纳多·迪卡普里奥马克·鲁弗洛本·金斯利,https://movie.douban.com/subject/2334904/,https://img1.doubanio.com/view/photo/s_ratio_poster/public/p1832875827.jpg
心灵捕手,8.9,马特·达蒙罗宾·威廉姆斯本·阿弗莱克,https://movie.douban.com/subject/1292656/,https://img9.doubanio.com/view/photo/s_ratio_poster/public/p480965695.jpg
布达佩斯大饭店,8.8,拉尔夫·费因斯托尼·雷沃罗利艾德里安·布洛迪,https://movie.douban.com/subject/11525673/,https://img3.doubanio.com/view/photo/s_ratio_poster/public/p2178872593.jpg
海蒂和爷爷,9.2,阿努克·斯特芬布鲁诺·甘茨昆林·艾格匹,https://movie.douban.com/subject/25958717/,https://img9.doubanio.com/view/photo/s_ratio_poster/public/p2554525534.jpg
勇敢的心,8.9,梅尔·吉布森苏菲·玛索布莱恩·考克斯,https://movie.douban.com/subject/1294639/,https://img3.doubanio.com/view/photo/s_ratio_poster/public/p1374546770.jpg
剪刀手爱德华,8.7,约翰尼·德普薇诺娜·瑞德黛安·韦斯特,https://movie.douban.com/subject/1292370/,https://img1.doubanio.com/view/photo/s_ratio_poster/public/p480956937.jpg
阿凡达,8.7,萨姆·沃辛顿佐伊·索尔达娜西格妮·韦弗,https://movie.douban.com/subject/1652587/,https://img1.doubanio.com/view/photo/s_ratio_poster/public/p2180085848.jpg
天使爱美丽,8.7,奥黛丽·塔图马修·卡索维茨吕菲斯,https://movie.douban.com/subject/1292215/,https://img3.doubanio.com/view/photo/s_ratio_poster/public/p2447590313.jpg
摩登时代,9.3,查理·卓别林宝莲·高黛亨利·伯格曼,https://movie.douban.com/subject/1294371/,https://img1.doubanio.com/view/photo/s_ratio_poster/public/p2263408369.jpg
加勒比海盗,8.7,约翰尼·德普杰弗里·拉什奥兰多·布鲁姆,https://movie.douban.com/subject/1298070/,https://img9.doubanio.com/view/photo/s_ratio_poster/public/p1596085504.jpg
致命ID,8.8,约翰·库萨克雷·利奥塔阿曼达·皮特,https://movie.douban.com/subject/1297192/,https://img9.doubanio.com/view/photo/s_ratio_poster/public/p2558364386.jpg
喜剧之王,8.7,周星驰张柏芝莫文蔚,https://movie.douban.com/subject/1302425/,https://img1.doubanio.com/view/photo/s_ratio_poster/public/p2579932167.jpg
阳光灿烂的日子,8.8,夏雨宁静陶虹,https://movie.douban.com/subject/1291875/,https://img9.doubanio.com/view/photo/s_ratio_poster/public/p2564685215.jpg
重庆森林,8.7,林青霞金城武梁朝伟,https://movie.douban.com/subject/1291999/,https://img3.doubanio.com/view/photo/s_ratio_poster/public/p792381411.jpg
第六感,8.9,布鲁斯·威利斯海利·乔·奥斯蒙托妮·科莱特,https://movie.douban.com/subject/1297630/,https://img9.doubanio.com/view/photo/s_ratio_poster/public/p2220184425.jpg
请以你的名字呼唤我,8.9,艾米·汉莫蒂莫西·柴勒梅德迈克尔·斯图巴,https://movie.douban.com/subject/26799731/,https://img3.doubanio.com/view/photo/s_ratio_poster/public/p2505525050.jpg
小森林 夏秋篇,9.0,桥本爱三浦贵大松冈茉优,https://movie.douban.com/subject/25814705/,https://img3.doubanio.com/view/photo/s_ratio_poster/public/p2564498893.jpg
哈利·波特与死亡圣器(下),8.8,丹尼尔·雷德克里夫艾玛·沃森鲁伯特·格林特,https://movie.douban.com/subject/3011235/,https://img3.doubanio.com/view/photo/s_ratio_poster/public/p917846733.jpg
消失的爱人,8.7,本·阿弗莱克裴淳华尼尔·帕特里克·哈里斯,https://movie.douban.com/subject/21318488/,https://img9.doubanio.com/view/photo/s_ratio_poster/public/p2221768894.jpg
7号房的礼物,8.9,柳承龙朴信惠郑镇荣,https://movie.douban.com/subject/10777687/,https://img9.doubanio.com/view/photo/s_ratio_poster/public/p1816276065.jpg
玛丽和马克思,8.9,托妮·科莱特菲利普·塞默·霍夫曼巴瑞·哈姆弗莱斯,https://movie.douban.com/subject/3072124/,https://img9.doubanio.com/view/photo/s_ratio_poster/public/p2162822165.jpg
红辣椒,9.0,林原惠美江守彻堀胜之祐,https://movie.douban.com/subject/1865703/,https://img9.doubanio.com/view/photo/s_ratio_poster/public/p672363704.jpg
爱在黎明破晓前,8.8,伊桑·霍克朱莉·德尔佩安德莉亚·埃克特,https://movie.douban.com/subject/1296339/,https://img9.doubanio.com/view/photo/s_ratio_poster/public/p2555762374.jpg
告白,8.7,松隆子冈田将生木村佳乃,https://movie.douban.com/subject/4268598/,https://img9.doubanio.com/view/photo/s_ratio_poster/public/p689520756.jpg
一一,9.0,吴念真李凯莉金燕玲,https://movie.douban.com/subject/1292434/,https://img3.doubanio.com/view/photo/s_ratio_poster/public/p2567845803.jpg
小森林 冬春篇,9.0,桥本爱三浦贵大松冈茉优,https://movie.douban.com/subject/25814707/,https://img3.doubanio.com/view/photo/s_ratio_poster/public/p2258078370.jpg
侧耳倾听,8.9,本名阳子小林桂树高山南,https://movie.douban.com/subject/1297052/,https://img3.doubanio.com/view/photo/s_ratio_poster/public/p456692072.jpg
大鱼,8.8,伊万·麦克格雷格阿尔伯特·芬尼比利·克鲁德普,https://movie.douban.com/subject/1291545/,https://img9.doubanio.com/view/photo/s_ratio_poster/public/p692813374.jpg
阳光姐妹淘,8.8,沈恩京闵孝琳姜素拉,https://movie.douban.com/subject/4917726/,https://img1.doubanio.com/view/photo/s_ratio_poster/public/p1374786017.jpg
蝙蝠侠：黑暗骑士崛起,8.7,克里斯蒂安·贝尔汤姆·哈迪安妮·海瑟薇,https://movie.douban.com/subject/3395373/,https://img9.doubanio.com/view/photo/s_ratio_poster/public/p1706428744.jpg
射雕英雄传之东成西就,8.7,梁朝伟林青霞张国荣,https://movie.douban.com/subject/1316510/,https://img1.doubanio.com/view/photo/s_ratio_poster/public/p2535922598.jpg
唐伯虎点秋香,8.6,周星驰巩俐陈百祥,https://movie.douban.com/subject/1306249/,https://img3.doubanio.com/view/photo/s_ratio_poster/public/p1946455272.jpg
恐怖直播,8.8,河正宇李璟荣全慧珍,https://movie.douban.com/subject/21360417/,https://img9.doubanio.com/view/photo/s_ratio_poster/public/p2016930906.jpg
菊次郎的夏天,8.8,北野武关口雄介岸本加世子,https://movie.douban.com/subject/1293359/,https://img9.doubanio.com/view/photo/s_ratio_poster/public/p751835224.jpg
幸福终点站,8.8,汤姆·汉克斯凯瑟琳·泽塔-琼斯斯坦利·图齐,https://movie.douban.com/subject/1292274/,https://img1.doubanio.com/view/photo/s_ratio_poster/public/p854757687.jpg
爱在日落黄昏时,8.8,伊桑·霍克朱莉·德尔佩弗农·多布切夫,https://movie.douban.com/subject/1291990/,https://img3.doubanio.com/view/photo/s_ratio_poster/public/p1910924221.jpg
超能陆战队,8.7,斯科特·安第斯瑞恩·波特丹尼尔·海尼,https://movie.douban.com/subject/11026735/,https://img1.doubanio.com/view/photo/s_ratio_poster/public/p2224568669.jpg
无人知晓,9.1,柳乐优弥北浦爱木村飞影,https://movie.douban.com/subject/1292337/,https://img3.doubanio.com/view/photo/s_ratio_poster/public/p661160053.jpg
借东西的小人阿莉埃蒂,8.8,志田未来神木隆之介树木希林,https://movie.douban.com/subject/4202302/,https://img9.doubanio.com/view/photo/s_ratio_poster/public/p617533616.jpg
神偷奶爸,8.6,史蒂夫·卡瑞尔杰森·席格尔拉塞尔·布兰德,https://movie.douban.com/subject/3287562/,https://img1.doubanio.com/view/photo/s_ratio_poster/public/p792776858.jpg
怪兽电力公司,8.7,约翰·古德曼比利·克里斯托玛丽·吉布斯,https://movie.douban.com/subject/1291579/,https://img1.doubanio.com/view/photo/s_ratio_poster/public/p2513247938.jpg
风之谷,8.9,岛本须美松田洋治榊原良子,https://movie.douban.com/subject/1291585/,https://img3.doubanio.com/view/photo/s_ratio_poster/public/p1917567652.jpg
玩具总动员3,8.8,汤姆·汉克斯蒂姆·艾伦琼·库萨克,https://movie.douban.com/subject/1858711/,https://img1.doubanio.com/view/photo/s_ratio_poster/public/p1283675359.jpg
完美的世界,9.1,凯文·科斯特纳劳拉·邓恩克林特·伊斯特伍德,https://movie.douban.com/subject/1300992/,https://img3.doubanio.com/view/photo/s_ratio_poster/public/p792403691.jpg
血战钢锯岭,8.7,安德鲁·加菲尔德萨姆·沃辛顿文斯·沃恩,https://movie.douban.com/subject/26325320/,https://img1.doubanio.com/view/photo/s_ratio_poster/public/p2398141939.jpg
上帝之城,8.9,亚历桑德雷·罗德里格斯莱安德鲁·菲尔米诺菲利佩·哈根森,https://movie.douban.com/subject/1292208/,https://img3.doubanio.com/view/photo/s_ratio_poster/public/p455677490.jpg
傲慢与偏见,8.6,凯拉·奈特莉马修·麦克费登唐纳德·萨瑟兰,https://movie.douban.com/subject/1418200/,https://img9.doubanio.com/view/photo/s_ratio_poster/public/p452005185.jpg
时空恋旅人,8.7,多姆纳尔·格里森瑞秋·麦克亚当斯比尔·奈伊,https://movie.douban.com/subject/10577869/,https://img9.doubanio.com/view/photo/s_ratio_poster/public/p2070153774.jpg
电锯惊魂,8.7,雷·沃纳尔加利·艾尔维斯丹尼·格洛弗,https://movie.douban.com/subject/1417598/,https://img9.doubanio.com/view/photo/s_ratio_poster/public/p2565332644.jpg
喜宴,8.9,赵文瑄郎雄归亚蕾,https://movie.douban.com/subject/1303037/,https://img9.doubanio.com/view/photo/s_ratio_poster/public/p2173713676.jpg
教父3,8.9,阿尔·帕西诺黛安·基顿塔莉娅·夏尔,https://movie.douban.com/subject/1294240/,https://img3.doubanio.com/view/photo/s_ratio_poster/public/p2169664351.jpg
谍影重重3,8.8,马特·达蒙朱丽娅·斯蒂尔斯大卫·斯特雷泽恩,https://movie.douban.com/subject/1578507/,https://img1.doubanio.com/view/photo/s_ratio_poster/public/p792223507.jpg
疯狂原始人,8.7,尼古拉斯·凯奇艾玛·斯通瑞恩·雷诺兹,https://movie.douban.com/subject/1907966/,https://img1.doubanio.com/view/photo/s_ratio_poster/public/p1867084027.jpg
哪吒闹海,9.1,梁正晖邱岳峰毕克,https://movie.douban.com/subject/1307315/,https://img3.doubanio.com/view/photo/s_ratio_poster/public/p2516566783.jpg
天书奇谭,9.2,丁建华毕克苏秀,https://movie.douban.com/subject/1428581/,https://img1.doubanio.com/view/photo/s_ratio_poster/public/p2515539487.jpg
心迷宫,8.7,霍卫民王笑天罗芸,https://movie.douban.com/subject/25917973/,https://img9.doubanio.com/view/photo/s_ratio_poster/public/p2276780256.jpg
真爱至上,8.6,休·格兰特科林·费尔斯艾玛·汤普森,https://movie.douban.com/subject/1292401/,https://img3.doubanio.com/view/photo/s_ratio_poster/public/p475600770.jpg
萤火虫之墓,8.7,辰己努白石绫乃志乃原良子,https://movie.douban.com/subject/1293318/,https://img1.doubanio.com/view/photo/s_ratio_poster/public/p1157334208.jpg
三块广告牌,8.7,弗兰西斯·麦克多蒙德伍迪·哈里森山姆·洛克威尔,https://movie.douban.com/subject/26611804/,https://img1.doubanio.com/view/photo/s_ratio_poster/public/p2510081688.jpg
纵横四海,8.8,周润发张国荣钟楚红,https://movie.douban.com/subject/1295409/,https://img9.doubanio.com/view/photo/s_ratio_poster/public/p2272146906.jpg
我是山姆,8.9,西恩·潘达科塔·范宁米歇尔·菲佛,https://movie.douban.com/subject/1306861/,https://img9.doubanio.com/view/photo/s_ratio_poster/public/p652417775.jpg
达拉斯买家俱乐部,8.8,马修·麦康纳詹妮弗·加纳杰瑞德·莱托,https://movie.douban.com/subject/1793929/,https://img1.doubanio.com/view/photo/s_ratio_poster/public/p2166160837.jpg
东邪西毒,8.6,张国荣林青霞梁朝伟,https://movie.douban.com/subject/1292328/,https://img3.doubanio.com/view/photo/s_ratio_poster/public/p1982176012.jpg
爆裂鼓手,8.7,迈尔斯·特勒J·K·西蒙斯保罗·雷瑟,https://movie.douban.com/subject/25773932/,https://img3.doubanio.com/view/photo/s_ratio_poster/public/p2220776342.jpg
记忆碎片,8.6,盖·皮尔斯凯瑞-安·莫斯乔·潘托里亚诺,https://movie.douban.com/subject/1304447/,https://img3.doubanio.com/view/photo/s_ratio_poster/public/p641688453.jpg
荒蛮故事,8.8,达里奥·格兰迪内蒂玛丽娅·玛努尔莫妮卡·比利亚,https://movie.douban.com/subject/24750126/,https://img9.doubanio.com/view/photo/s_ratio_poster/public/p2231250054.jpg
贫民窟的百万富翁,8.6,戴夫·帕特尔沙鲁巴·舒克拉亚尼·卡普,https://movie.douban.com/subject/2209573/,https://img3.doubanio.com/view/photo/s_ratio_poster/public/p2434249040.jpg
头号玩家,8.7,泰伊·谢里丹奥利维亚·库克本·门德尔森,https://movie.douban.com/subject/4920389/,https://img1.doubanio.com/view/photo/s_ratio_poster/public/p2516578307.jpg
黑天鹅,8.6,娜塔莉·波特曼米拉·库尼斯文森特·卡索,https://movie.douban.com/subject/1978709/,https://img9.doubanio.com/view/photo/s_ratio_poster/public/p2549648344.jpg
人生果实,9.5,津端修一津端英子树木希林,https://movie.douban.com/subject/26874505/,https://img3.doubanio.com/view/photo/s_ratio_poster/public/p2544912792.jpg
花样年华,8.6,梁朝伟张曼玉潘迪华,https://movie.douban.com/subject/1291557/,https://img9.doubanio.com/view/photo/s_ratio_poster/public/p1910828286.jpg
你的名字。,8.4,神木隆之介上白石萌音长泽雅美,https://movie.douban.com/subject/26683290/,https://img1.doubanio.com/view/photo/s_ratio_poster/public/p2395733377.jpg
模仿游戏,8.7,本尼迪克特·康伯巴奇凯拉·奈特莉马修·古迪,https://movie.douban.com/subject/10463953/,https://img3.doubanio.com/view/photo/s_ratio_poster/public/p2255040492.jpg
黑客帝国3：矩阵革命,8.7,基努·里维斯劳伦斯·菲什伯恩凯瑞-安·莫斯,https://movie.douban.com/subject/1302467/,https://img1.doubanio.com/view/photo/s_ratio_poster/public/p443461818.jpg
一个叫欧维的男人决定去死,8.8,罗夫·拉斯加德巴哈·帕斯托比亚斯·阿姆博瑞,https://movie.douban.com/subject/26628357/,https://img3.doubanio.com/view/photo/s_ratio_poster/public/p2406624993.jpg
你看起来好像很好吃,8.9,山口胜平爱河里花子加藤清史郎,https://movie.douban.com/subject/4848115/,https://img3.doubanio.com/view/photo/s_ratio_poster/public/p709670262.jpg
无敌破坏王,8.7,约翰·C·赖利萨拉·西尔弗曼杰克·麦克布瑞尔,https://movie.douban.com/subject/6534248/,https://img9.doubanio.com/view/photo/s_ratio_poster/public/p1735642656.jpg
未麻的部屋,8.9,岩男润子松本梨香辻亲八,https://movie.douban.com/subject/1395091/,https://img3.doubanio.com/view/photo/s_ratio_poster/public/p1351050722.jpg
恋恋笔记本,8.5,瑞恩·高斯林瑞秋·麦克亚当斯吉娜·罗兰兹,https://movie.douban.com/subject/1309163/,https://img9.doubanio.com/view/photo/s_ratio_poster/public/p483604864.jpg
冰川时代,8.6,雷·罗马诺约翰·雷吉扎莫丹尼斯·利瑞,https://movie.douban.com/subject/1291578/,https://img1.doubanio.com/view/photo/s_ratio_poster/public/p1910895719.jpg
哈利·波特与阿兹卡班的囚徒,8.6,丹尼尔·雷德克里夫艾玛·沃森鲁伯特·格林特,https://movie.douban.com/subject/1291544/,https://img1.doubanio.com/view/photo/s_ratio_poster/public/p1910812549.jpg
海边的曼彻斯特,8.6,卡西·阿弗莱克卢卡斯·赫奇斯米歇尔·威廉姆斯,https://movie.douban.com/subject/25980443/,https://img9.doubanio.com/view/photo/s_ratio_poster/public/p2421855655.jpg
海街日记,8.8,绫濑遥长泽雅美夏帆,https://movie.douban.com/subject/25895901/,https://img1.doubanio.com/view/photo/s_ratio_poster/public/p2232247487.jpg
二十二,8.7,,https://movie.douban.com/subject/26430107/,https://img1.doubanio.com/view/photo/s_ratio_poster/public/p2457609817.jpg
虎口脱险,8.9,路易·德·菲奈斯布尔维尔克劳迪奥·布鲁克,https://movie.douban.com/subject/1296909/,https://img3.doubanio.com/view/photo/s_ratio_poster/public/p2399597512.jpg
新世界,8.8,李政宰崔岷植黄政民,https://movie.douban.com/subject/10437779/,https://img1.doubanio.com/view/photo/s_ratio_poster/public/p1903379979.jpg
房间,8.8,布丽·拉尔森雅各布·特伦布莱肖恩·布里吉格斯,https://movie.douban.com/subject/25724855/,https://img9.doubanio.com/view/photo/s_ratio_poster/public/p2259715855.jpg
雨中曲,9.0,吉恩·凯利唐纳德·奥康纳黛比·雷诺斯,https://movie.douban.com/subject/1293460/,https://img9.doubanio.com/view/photo/s_ratio_poster/public/p1612355875.jpg
哈利·波特与密室,8.6,丹尼尔·雷德克里夫艾玛·沃森鲁伯特·格林特,https://movie.douban.com/subject/1296996/,https://img3.doubanio.com/view/photo/s_ratio_poster/public/p1082651990.jpg
恐怖游轮,8.5,梅利莎·乔治利亚姆·海姆斯沃斯迈克尔·多曼,https://movie.douban.com/subject/3011051/,https://img9.doubanio.com/view/photo/s_ratio_poster/public/p462470694.jpg
人工智能,8.6,海利·乔·奥斯蒙弗兰西丝·奥康纳山姆·洛巴兹,https://movie.douban.com/subject/1302827/,https://img1.doubanio.com/view/photo/s_ratio_poster/public/p792257137.jpg
魔女宅急便,8.6,高山南佐久间玲户田惠子,https://movie.douban.com/subject/1307811/,https://img3.doubanio.com/view/photo/s_ratio_poster/public/p456676352.jpg
燃情岁月,8.8,布拉德·皮特安东尼·霍普金斯艾丹·奎因,https://movie.douban.com/subject/1295865/,https://img1.doubanio.com/view/photo/s_ratio_poster/public/p1023654037.jpg
终结者2：审判日,8.7,阿诺·施瓦辛格琳达·汉密尔顿爱德华·福隆,https://movie.douban.com/subject/1291844/,https://img9.doubanio.com/view/photo/s_ratio_poster/public/p1910909085.jpg
魂断蓝桥,8.8,费雯·丽罗伯特·泰勒露塞尔·沃特森,https://movie.douban.com/subject/1293964/,https://img1.doubanio.com/view/photo/s_ratio_poster/public/p2351134499.jpg
穿越时空的少女,8.6,仲里依纱石田卓也板仓光隆,https://movie.douban.com/subject/1937946/,https://img9.doubanio.com/view/photo/s_ratio_poster/public/p2079334286.jpg
爱在午夜降临前,8.8,伊桑·霍克朱莉·德尔佩肖姆斯·戴维-菲茨帕特里克,https://movie.douban.com/subject/10808442/,https://img1.doubanio.com/view/photo/s_ratio_poster/public/p2074715729.jpg
初恋这件小事,8.4,平采娜·乐维瑟派布恩马里奥·毛瑞尔苏达拉·布查蓬,https://movie.douban.com/subject/4739952/,https://img1.doubanio.com/view/photo/s_ratio_poster/public/p767451487.jpg
可可西里,8.8,多布杰张正阳奇道,https://movie.douban.com/subject/1308857/,https://img3.doubanio.com/view/photo/s_ratio_poster/public/p2414771522.jpg
2001太空漫游,8.8,凯尔·杜拉加里·洛克伍德威廉姆·西尔维斯特,https://movie.douban.com/subject/1292226/,https://img9.doubanio.com/view/photo/s_ratio_poster/public/p2560717825.jpg
完美陌生人,8.5,马可·贾利尼卡夏·斯穆特尼亚克爱德华多·莱奥,https://movie.douban.com/subject/26614893/,https://img9.doubanio.com/view/photo/s_ratio_poster/public/p2522331945.jpg
绿里奇迹,8.8,汤姆·汉克斯大卫·摩斯迈克·克拉克·邓肯,https://movie.douban.com/subject/1300374/,https://img3.doubanio.com/view/photo/s_ratio_poster/public/p767586451.jpg
小偷家族,8.7,中川雅也安藤樱松冈茉优,https://movie.douban.com/subject/27622447/,https://img9.doubanio.com/view/photo/s_ratio_poster/public/p2530599636.jpg
牯岭街少年杀人事件,8.8,张震杨静怡张国柱,https://movie.douban.com/subject/1292329/,https://img9.doubanio.com/view/photo/s_ratio_poster/public/p848381236.jpg
阿飞正传,8.5,张国荣张曼玉刘嘉玲,https://movie.douban.com/subject/1305690/,https://img3.doubanio.com/view/photo/s_ratio_poster/public/p2525770523.jpg
无耻混蛋,8.6,布拉德·皮特梅拉尼·罗兰克里斯托弗·瓦尔兹,https://movie.douban.com/subject/1438652/,https://img1.doubanio.com/view/photo/s_ratio_poster/public/p2575043939.jpg
香水,8.5,本·卫肖艾伦·瑞克曼蕾切儿·哈伍德,https://movie.douban.com/subject/1760622/,https://img9.doubanio.com/view/photo/s_ratio_poster/public/p2441127736.jpg
谍影重重2,8.6,马特·达蒙弗朗卡·波滕特布莱恩·考克斯,https://movie.douban.com/subject/1308767/,https://img9.doubanio.com/view/photo/s_ratio_poster/public/p667644866.jpg
新龙门客栈,8.6,张曼玉林青霞梁家辉,https://movie.douban.com/subject/1292287/,https://img1.doubanio.com/view/photo/s_ratio_poster/public/p1421018669.jpg
猜火车,8.5,伊万·麦克格雷格艾文·布莱纳约翰尼·李·米勒,https://movie.douban.com/subject/1292528/,https://img1.doubanio.com/view/photo/s_ratio_poster/public/p513567548.jpg
源代码,8.4,杰克·吉伦哈尔维拉·法米加米歇尔·莫纳汉,https://movie.douban.com/subject/3075287/,https://img9.doubanio.com/view/photo/s_ratio_poster/public/p988260245.jpg
谍影重重,8.6,马特·达蒙弗朗卡·波滕特克里斯·库珀,https://movie.douban.com/subject/1304102/,https://img3.doubanio.com/view/photo/s_ratio_poster/public/p1597183981.jpg
浪潮,8.7,于尔根·福格尔弗雷德里克·劳马克思·雷迈特,https://movie.douban.com/subject/2297265/,https://img3.doubanio.com/view/photo/s_ratio_poster/public/p1344888983.jpg
朗读者,8.5,凯特·温丝莱特大卫·克劳斯拉尔夫·费因斯,https://movie.douban.com/subject/2213597/,https://img1.doubanio.com/view/photo/s_ratio_poster/public/p1140984198.jpg
彗星来的那一夜,8.5,艾米丽·芭尔多尼莫瑞·史特林尼古拉斯·布兰登,https://movie.douban.com/subject/25807345/,https://img9.doubanio.com/view/photo/s_ratio_poster/public/p2187896734.jpg
步履不停,8.8,阿部宽夏川结衣江原由希子,https://movie.douban.com/subject/2222996/,https://img3.doubanio.com/view/photo/s_ratio_poster/public/p2561539680.jpg
疯狂的麦克斯4：狂暴之路,8.6,汤姆·哈迪查理兹·塞隆尼古拉斯·霍尔特,https://movie.douban.com/subject/3592854/,https://img3.doubanio.com/view/photo/s_ratio_poster/public/p2236181653.jpg
色，戒,8.4,梁朝伟汤唯陈冲,https://movie.douban.com/subject/1828115/,https://img9.doubanio.com/view/photo/s_ratio_poster/public/p453716305.jpg
遗愿清单,8.6,杰克·尼科尔森摩根·弗里曼西恩·海耶斯,https://movie.douban.com/subject/1867345/,https://img9.doubanio.com/view/photo/s_ratio_poster/public/p708613284.jpg
大佛普拉斯,8.7,庄益增陈竹昇戴立忍,https://movie.douban.com/subject/27059130/,https://img3.doubanio.com/view/photo/s_ratio_poster/public/p2505928032.jpg
小萝莉的猴神大叔,8.4,萨尔曼·汗哈莎莉·马洛特拉卡琳娜·卡普尔,https://movie.douban.com/subject/26393561/,https://img9.doubanio.com/view/photo/s_ratio_poster/public/p2510956726.jpg
再次出发之纽约遇见你,8.5,凯拉·奈特莉马克·鲁弗洛亚当·莱文,https://movie.douban.com/subject/6874403/,https://img3.doubanio.com/view/photo/s_ratio_poster/public/p2250287733.jpg
追随,8.9,杰里米·西奥伯德亚历克斯·霍露西·拉塞尔,https://movie.douban.com/subject/1397546/,https://img3.doubanio.com/view/photo/s_ratio_poster/public/p2561545031.jpg
聚焦,8.8,马克·鲁弗洛迈克尔·基顿瑞秋·麦克亚当斯,https://movie.douban.com/subject/25954475/,https://img1.doubanio.com/view/photo/s_ratio_poster/public/p2263822658.jpg
东京物语,9.2,笠智众原节子杉村春子,https://movie.douban.com/subject/1291568/,https://img9.doubanio.com/view/photo/s_ratio_poster/public/p1925331564.jpg
一次别离,8.7,佩曼·莫阿迪蕾拉·哈塔米萨瑞·巴亚特,https://movie.douban.com/subject/5964718/,https://img9.doubanio.com/view/photo/s_ratio_poster/public/p2189835254.jpg
驴得水,8.3,任素汐大力刘帅良,https://movie.douban.com/subject/25921812/,https://img3.doubanio.com/view/photo/s_ratio_poster/public/p2393044761.jpg
黑鹰坠落,8.7,乔什·哈奈特伊万·麦克格雷格汤姆·塞兹摩尔,https://movie.douban.com/subject/1291824/,https://img3.doubanio.com/view/photo/s_ratio_poster/public/p1910900710.jpg
我爱你,9.0,宋在浩李顺载尹秀晶,https://movie.douban.com/subject/5908478/,https://img1.doubanio.com/view/photo/s_ratio_poster/public/p1075591188.jpg
千钧一发,8.8,伊桑·霍克乌玛·瑟曼裘德·洛,https://movie.douban.com/subject/1300117/,https://img9.doubanio.com/view/photo/s_ratio_poster/public/p2195672555.jpg
发条橙,8.5,马尔科姆·麦克道威尔帕特里克·马基迈克尔·贝茨,https://movie.douban.com/subject/1292233/,https://img9.doubanio.com/view/photo/s_ratio_poster/public/p529908155.jpg
E.T. 外星人,8.6,亨利·托马斯迪·沃伦斯罗伯特·麦克纳夫顿,https://movie.douban.com/subject/1294638/,https://img3.doubanio.com/view/photo/s_ratio_poster/public/p984732992.jpg
